Author, Note, Date, Time
@xDarkicex, Rack::Deflator, Sep 24 2016, 4:56PM
@xDarkicex, testing gotxt, Sep 24 2016, 5:00PM
@xDarkicex, Roman Ragimoff Is an awesome go Dev, Sep 25 2016, 2:52PM
@xDarkicex, Using bash command scripts on Production mode might be bad Idea, Sep 25 2016, 2:54PM
@xDarkicex, test, Sep 25 2016, 6:03PM
@xDarkicex, testing author, Sep 25 2016, 6:04PM
@xDarkicex, testing quit, Sep 25 2016, 6:06PM
@xDarkicex, is it fixed?, Mon Sep 26 2016, 12:25AM
@xDarkicex, this is a CLI note write to demonstrate to Caaz that this here function works, Mon Sep 26 2016, 12:45PM
Gentry Rolofson, test, Mon Sep 26 2016, 1:27PM
Gentry Rolofson, testing replace \n, Mon Sep 26 2016, 1:32PM
Gentry Rolofson, checking web, Mon Sep 26 2016, 1:32PM
Gentry Rolofson, Is there a problem, Mon Sep 26 2016, 1:43PM
Gentry Rolofson, Is there a problem, Mon Sep 26 2016, 1:47PM
Gentry Rolofson, hey David check this out, Mon Sep 26 2016, 9:15PM
Gentry Rolofson, Oh look this is a web interface note, Mon Sep 26 2016, 9:16PM
Gentry Rolofson, Testing Writing live on backend, Mon Sep 26 2016, 9:17PM
Gentry Rolofson, Installed MongoDB onto portfoilo maybe I should add it to this, Mon Sep 26 2016, 10:22PM
Gentry Rolofson, This is testing error handling this should redirect to error page, Mon Sep 26 2016, 11:03PM
